{
    "1905.13319": 1,
    "2009.11506": 2,
    "2208.05358": 3,
    "2401.11819": 4,
    "2109.04981": 5
}